Place,N-S,E-W,Value
Tatre,45.597793,14.085891,Palatal
Pregarje,45.578002,14.134602,Palatal
Hrusica,46.44768,14.019722,Palatal
Podgrad,45.523715,14.145958,Palatal
Sabonje,45.534847,14.182419,Palatal
Trnovo (Ilirska Bistrica,45.572878,14.232979,Palatal
Jelsane,45.501466,14.271597,No Answer
Podgraje,45.52589,14.3453,Palatal
Rut,46.205393,13.890882,Palatal/NJ
Podbrdo,46.214526,13.9739,NJ
Porezen,46.176667,13.970833,Palatal
Most na Soci,46.152077,13.742995,Alveolar
Grahovo ob Baci,46.157086,13.865623,Alveolar
Cepovan,46.048139,13.792364,Palatal
Gorenja Trebusa,46.029608,13.838951,Alveolar
Sebrelje,46.092435,13.917179,Alveolar
Cerkno,46.128954,13.989193,Alveolar
Srednja Kanomlja,46.022086,13.977272,No Answer
Lanise,46.256448,14.574038,Alveolar
Idrija,46.002945,14.027846,Alveolar
Crni Vrh,45.926521,14.04396,Alveolar/Palatal
Godovic,45.957521,14.092265,No Answer
Hotedrsica,45.930065,14.139957,Nasal
Logatec,45.917082,14.228558,Nasal
Vrhnika,45.966583,14.297387,Alveolar
Mala Ligojna,45.994279,14.304967,Alveolar
Horjul,46.022538,14.298627,Nasal/Oral
Polhov Gradec,46.065606,14.31235,Oral
Dobraceva (Ziri),46.055969,14.111016,Alveolar
Lucine,46.061716,14.196339,Alveolar
Leskovica,46.147354,14.08541,JN
"Gorenja vas, Poljane nad Skofjo Loko",46.12099,14.186026,Alveolar
Bukov Vrh,46.107453,14.216921,Alveolar
Javorje,46.159462,14.177902,Alveolar
Gabrk,45.582504,14.115032,Alveolar
Pungert,46.156355,14.336989,Alveolar
Zabnica,46.196072,14.3314,Alveolar
Zgornje Bitnje,46.220924,14.335342,Alveolar
Zgornja Sorica,46.22377,14.029036,Palatal
Zali Log,46.207318,14.101077,Alveolar
Podlonk,46.23228,14.124821,Alveolar
Zelezniki,46.22544,14.169248,Alveolar
Drazgose,46.252149,14.17702,Alveolar
Selca,46.224077,14.203279,Alveolar
Praprotno,46.194672,14.259319,Alveolar
Dovje,46.46783,13.948025,Alveolar
Srednja vas v Bojinju,46.297092,13.926009,Palatal
Bohinjska Bela,46.34063,14.059505,Alveolar
Zgornje Gorje,46.378988,14.068314,Alveolar
Slovenski Javornik,46.426574,14.083302,Alveolar
Breg,46.394847,14.126814,Alveolar
Radovljica,46.343736,14.174004,Alveolar
Kropa,46.291456,14.204299,Alveolar
Ljubno,46.344313,14.833549,Alveolar
Lom pod Storzicem,46.366728,14.333949,Alveolar
Zgornje Jezersko,46.394041,14.497909,Palatal
Baselj,46.314702,14.401216,Alveolar
Kokra,46.309635,14.426599,Alveolar
Strazisce (Kranj),46.233804,14.346665,Alveolar
Primskovo (Kranj),46.241682,14.379669,Alveolar
Sencur,46.24337,14.419222,Alveolar
Cerklje na Gorejskem,46.253129,14.486883,Alveolar
Valburga,46.169757,14.433583,Alveolar
Spondnja Senica (nam. Preska),46.149296,14.388821,Alveolar
Dobrova,46.053789,14.414221,Alveolar
Zgornje Gameljne,46.127469,14.49024,Alveolar
Crna pri Kamniku,46.265504,14.625927,Alveolar
Tunjice,46.236074,14.579998,Alveolar
Srednje Jarse,46.157758,14.593069,Alveolar
Dolsko,46.092895,14.677172,Alveolar
Stebljevek,46.21605,14.744788,Alveolar
Okrog pri Motniku,46.227336,14.83217,Alveolar
Obrse,46.192194,14.702984,Alveolar
Krasnja,46.167219,14.746339,Alveolar
Moravce,46.135722,14.744435,Alveolar
Vace,46.119541,14.837908,Alveolar
Cemsenik,46.179943,14.944026,Alveolar
Izlake,46.154415,14.930101,Oral
Plesivica,45.727055,15.652287,Oral
Vnanje Gorice,46.005886,14.419983,Oral
Borovnica,45.919303,14.364068,Alveolar
Rakitna,45.890893,14.439653,Alveolar
Rakek,45.813164,14.317132,Alveolar
Begunje pri Cerknici,45.817579,14.382764,Alveolar
Cerknica,45.79551,14.362184,Alveolar
Lipsenj,45.750316,14.425446,Alveolar
Nova vas,45.772726,14.506493,Alveolar/Nasal
Stari trg pri Lozu,45.714878,14.471125,Alveolar
Vrhnika pri Lozu,45.704304,14.505614,Alveolar
Ig,45.958821,14.528272,Alveolar
Grosuplje,45.955765,14.658899,Oral
Velika Racna,45.904137,14.689877,Oral
Rasica,46.13589,14.509742,Palatal/NJ
Podgorica,45.843909,14.701589,Oral
Sv. Gregor,45.784567,14.640781,Alveolar
Sodrazica,45.762125,14.636216,Alveolar
Kolenca vas,45.786337,14.764508,No Answer
Ribnica,45.74003,14.726578,Alveolar
Dolenja Vas,46.214703,14.220989,Alveolar
Rudnik (Ljubljana,46.009617,14.508532,Alveolar
Studenec (Ljubljana,46.05414,14.569913,Alveolar
Jance,46.052529,14.711503,Oral
Smartno pri Litiji,46.045744,14.841006,No Answer
Gorenje Brezovo,45.984987,14.73552,Oral
Sticna,45.956148,14.807107,Oral
Muljava,45.902593,14.801198,Oral
Zagradec,45.860183,14.83408,No Answer
Ambrus,45.828271,14.816526,Oral
Zuzembrek,45.830669,14.929823,No Answer
Malo Lipje ,45.804115,14.923375,Oral
Mackovec pri Dvoru,45.816393,14.963197,No Answer
Tihaboj,45.991616,15.009475,Oral
Sentrupert,45.976961,15.090989,Oral
Mirna,45.951308,15.062445,Alveolar
Trebnje,45.908171,15.012598,Oral
Gorenji Vrh pri Dobrnicu,45.87857,15.016547,Oral
Dobrnic,45.876238,14.978507,No Answer
Mokronog,45.942652,15.145562,Oral/JN
Brezovica pri Mirni,45.936034,15.041269,Oral
Vavta vas,45.781858,15.079442,Oral
Podhosta,45.761033,15.030242,Oral
Ursna Sela,45.718427,15.125351,Oral
Koroska vas,45.745728,15.195245,No Answer
Novo mesto,45.801082,15.171009,Alveolar
Smolenja vas,45.814439,15.201859,Oral
Gabrje,46.201124,13.69891,No Answer
Zavinek,45.903376,15.29974,Oral
Sela pri Sentjerneju,45.827788,15.351923,Oral
Kostanjevica na Krki,45.844972,15.421716,No Answer
Babno Polje,45.645419,14.549328,No Answer
Draga,45.939949,14.549363,No Answer
Osilnica,45.529164,14.69842,No Answer
"Delac, vas",45.502678,14.895132,Palatal
Banja Loka,45.511208,14.874162,No Answer
Spodnja Bilpa,45.510922,14.964831,Palatalized
Predgrad,45.505365,15.055111,NJ
Stari trg ob Kolpi,45.493986,15.077077,No Answer
Doblice,45.558866,15.144814,No Answer
Dragovanja vas,45.542595,15.15299,JN
Dragatus,45.520257,15.177341,No Answer
Vinica,45.461416,15.253571,No Answer
Preloka,45.470451,15.34192,Palatal
Adlesici,45.522318,15.311421,No Answer
Vavpca vas,45.888005,14.972273,No Answer
Podzemelj,45.608732,15.273516,Palatal
Grm pri Podzemlju,45.617006,15.277736,Alveolar
Metlika,45.647399,15.317675,No Answer
Planinska vas,46.106765,15.44073,Oral
Dobovec,46.110818,15.058757,Oral
Svibno,46.063561,15.096808,Oral
Turje,46.130091,15.150828,Oral